<?xml version="1.0" encoding="UTF-8"?>
<!DOCTYPE xml>
<packageInfo>
    <bundleId>com.nacl.hm</bundleId>
    <name>Canyouseeme</name>
    <version>0.0.1</version>
    <descriptions>
        <description>
            Icon mask to make your icons 50% transparent
        </description>
        <description>
            No options to configure.
        </description>
    </descriptions>
    <compatibility>
        <miniOS>11.0</miniOS>
        <maxiOS>14.3</maxiOS>
    </compatibility>
    <dependencies>
        <dependency>com.nacl.hm</dependency>
    </dependencies>
    <changelog>
        <change>
            <changeVersion>v0.0.1</changeVersion>
            <changeDescription>Initial Release</changeDescription>
        </change>
    </changelog>
    <informations>
        <developer>Sakura</developer>
        <price>Free</price>
        <category>Themes</category>
    </informations>
    <links>
        <github>https://sakuraosx.github.io/Sakura/</github>
        <twitter>https://sakuraosx.github.io/Sakura/</twitter>
        <reddit>https://sakuraosx.github.io/Sakura/</reddit>
        <mail>mailto:sakuraosx.g@gmail.com</mail>
    </links>
</packageInfo>