{
    "class": "DepictionTabView",
    "minVersion": "0.1",
    "tabs": [
        {
            "class": "DepictionStackView",
            "tabname": "Details",
            "views": [
                {
                    "class": "DepictionSubheaderView",
                    "title": "Icon mask to make icons 50% transparent",
                    "useBoldText": true
                },
                {
                    "class": "DepictionSpacerView",
                    "spacing": 8
                },
                {
                    "class": "DepictionMarkdownView",
                    "markdown": "`This is a tiny icon mask to make your icons 50% transparent, can be used with snowboard",
                    "useSpacing": true
                },
                {
                    "class": "DepictionSeparatorView"
                },
                {
                    "class": "DepictionTableTextView",
                    "title": "Developer",
                    "text": "Kanns"
                },
                {
                    "class": "DepictionTableTextView",
                    "title": "Price",
                    "text": "Free"
                },
                {
                    "class": "DepictionTableTextView",
                    "title": "Version",
                    "text": "0.0.1"
                },
                {
                    "class": "DepictionTableTextView",
                    "title": "iOS Version",
                    "text": "iOS 13.0 to 14.3"
                },
                {
                    "class": "DepictionTableTextView",
                    "title": "Category",
                    "text": "Themes"
                },
                {
                    "class": "DepictionSeparatorView"
                },
                {
                    "class": "DepictionTableButtonView",
                    "title": "Github",
                    "action": "https://sakuraosx.github.io/Sakura/"
                },
                {
                    "class": "DepictionTableButtonView",
                    "title": "Twitter",
                    "action": "https://sakuraosx.github.io/Sakura/"
                },
                {
                    "class": "DepictionTableButtonView",
                    "title": "Reddit",
                    "action": "https://sakuraosx.github.io/Sakura/"
                },
            ]
        },
        {
            "class": "DepictionStackView",
            "tabname": "Changelog",
            "views": [
                {
                    "class": "DepictionSubheaderView",
                    "title": "v1.0.0",
                    "useBoldText": true,
                    "useBottomMargin": false
                },
                {
                    "class": "DepictionMarkdownView",
                    "markdown": "- Initial release",
                    "useSpacing": false
                },
                {
                    "class": "DepictionSpacerView",
                    "spacing": 8
                },
                {   
                    "class": "DepictionSubheaderView",
                    "title": "v0.0.9",
                    "useBoldText": true,
                    "useBottomMargin": false
                },
                {
                    "class": "DepictionMarkdownView",
                    "markdown": "- Initial pre-release",
                    "useSpacing": false
                }
            ]
        }
    ]
}